{"current":{"use_logo":false,"customer_layout":"theme","base_font":"Montserrat","show_meta_keyword":false,"meta_keyword":"hhh Theme mặc định, Theme bán hàng, Theme haravan","header_r_phone":"1900.636.099","header_desc_1":"Miễn phí vận chuyển","header_desc_2":"ĐƠN HÀNG TRÊN 900K","slide_1":true,"slide_1_cap_1":"Sưu tập xuân hè","slide_1_cap_2":"Thời trang xuất khẩu","slide_1_btn":"Xem thêm","slide_1_link":"/collections/thoi-trang-nam","align_title1":"center","animate_title1":"bounceIn","slide_2":true,"slide_2_cap_1":"Sưu tập mới","slide_2_cap_2":"phụ kiện dạo phố","slide_2_btn":"Xem thêm","slide_2_link":"/collections/thoi-trang-nu","align_title2":"center","animate_title2":"bounceInRight","slide_3":true,"slide_3_cap_1":"Thời trang","slide_3_cap_2":"Phụ kiện thời trang","slide_3_btn":"Xem thêm","slide_3_link":"/collections/all","align_title3":"center","animate_title3":"bounceInLeft","slide_4":false,"slide_4_cap_1":"","slide_4_cap_2":"","slide_4_btn":"","slide_4_link":"/collections/all","align_title4":"center","animate_title4":"fade","use_featured_products":true,"featured_products_cap":"Bộ sưu tập mới nhất","featured_products_title":"Sản phẩm mới","featured_collection":"hot-products","use_icon_featured":true,"use_sale_products":true,"sale_products_cap":"","sale_products_title":"Sản phẩm mới","sale_collection":"onsale","use_icon_sale":true,"use_ad_banners":"1","ad_banner_1":"Miễn phí vận chuyển","ad_banner_2":"Với tất cả đơn hàng trên 500k","ad_banner_desc":"Miễn phí 2 ngày vận chuyển với đơn hàng trên 500k trừ trực tiếp khi thanh toán","ad_banner_link":"/","show_block_home_category1":false,"block_home_category1_title":"Phụ kiện thời trang","block_home_category1_link":"collections/hot-products","show_block_home_category2":false,"block_home_category2_title":"Cùng bạn xuống phố","block_home_category2_link":"collections/all","footer_bg":"#326e51","footer_title_colour":"#8d9090","footer_txt_colour":"#ffffff","footer_link_colour_hover":"#ff9e9e","footer_bg_cp":" #141718","footer_about_show":true,"footer_about_heading":"Hotline hỗ trợ","footer_about_message":"Với hơn 100 nhân viên tư vấn trên mọi phương diện, không chỉ là hướng dẫn và xử lý các vấn đề từ Haravan, chúng tôi luôn mong cùng chia sẻ các kinh nghiệm giúp bạn bán được nhiều hàng hơn.","footer_about_address":"56 Vân côi, Q. Tân Bình, Tp.HCM","footer_about_email":"hi@haravan.com","footer_about_phone":"1900.636.099","footer_about_fax":"1900.636.099","footer_linklist1_show":true,"footer_linklist1_heading":"Liên kết","footer_linklist1":"","mailing_list_show":true,"mailing_list_heading":"Đăng kí nhận tin","mailing_list_caption":"Hãy nhập email của bạn vào đây để nhận tin mới nhất!","mailing_list_emailtext":"Nhập email của bạn","show_fanpage_faceook":"1","facebook_widget_title":"Kết nối với chúng tôi","fanpage_faceook":"https://www.facebook.com/haravan.official","social_icons_show":true,"social_icons_colour":"#9e9e9e","social_icons_hover":"#ffffff","social_icons_hover_bg":"#ffffff","social_icons_facebook_link":"/","social_icons_twitter_link":"/","social_icons_pinterest_link":"/","social_icons_google_link":"/","social_icons_youtube_link":"/","social_icons_instagram_link":"/","shop_bg_color":"#00a7f4","shop_bg2_color":"#ff00ff","shop_bg3_color":"#e6ff00","shop_text_color":"#252a2b","header_bg_color":"#ffffff","header_text_color":"#ffffff","header_text_hover_color":"#04b2de","bg_navbar_color":"#ffffff","text_navbar_color":"#4d4d4d","text_hover_navbar_color":"#00a7f4","shop_border_color":"#ebebeb","slide_title1_colour":"#ffffff","slide_title2_colour":"#ffffff","slide_btn_colour":"#ffffff","shop_text_dark_color":"#ffffff","link_text_color":"#000000","link_text_hover_color":"#65d1e6","pr_n_color":"#252a2b","pr_n_color_hover":"#00a7f4","pr_p_color":"#252a2b","pr_p_color_hover":"#777a7b","btn_add_cart":"#ffffff","btn_text_add_cart":"#333333","btn_add_cart_hover":"#00a7f4","btn_text_add_cart_hover":"#ffffff","pagination_limit":"20","show_collection_menu":true,"collection_menu_title":"Danh mục ","collection_menu_link":"left","show_left_ad":true,"promo_link_left":"","use_tags_products":true,"share_prod_on_facebook":true,"share_prod_on_googleplus":true,"use_comment_products":true,"productspg_related_products":true,"productspg_featured_quantity":"6","blog_recent_show":"1","blog_recent_title":"Danh mục blog","blog_recent_menu":"left","news_recent_show":"1","news_recent_title":"Bài viết mới nhất","pagination_news_limit":"3","pagination_blog_limit":"6","show_google_maps":true,"google_maps_code":"<iframe src=\"https://www.google.com/maps/embed?pb=!1m18!1m12!1m3!1d3919.615593436863!2d106.65415201477133!3d10.76408024232994!2m3!1f0!2f0!3f0!3m2!1i1024!2i768!4f13.1!3m3!1m2!1s0x31752eec7752c743%3A0xd832d71bd12b6a15!2zRmxlbWluZ3RvbiBUb3dlciwgMTgyIEzDqiDEkOG6oWkgSMOgbmgsIHBoxrDhu51uZyAxNSwgUXXhuq1uIDExLCBI4buTIENow60gTWluaCwgVmlldG5hbQ!5e0!3m2!1sen!2s!4v1521530731757\" width=\"100%\" height=\"700\" frameborder=\"0\" style=\"border:0\" allowfullscreen></iframe>","footer_text":"#ffffff","footer_company":"Fashion Style","footer_address":"Tầng 3, tòa nhà The Artemis, số 03 Lê Trọng Tấn, Khương Mai, Thanh Xuân, Hà Nội","footer_phone":"1900.636.099","footer_email":"support@haravan.com","collection_sort":true,"shop_text2_color":"#ff2e77","shop_fearture_color":"#fdbc0e","slide_1_alt":"Banner","slide_2_alt":"Banner","slide_3_alt":"Sản phẩm nổi bật","slide_4_alt":"","block_home_category1_alt":"Khuyến mãi 1","block_home_category2_alt":"Khuyến mãi 2","font_slide_title1":"30","font_slide_title2":"70","font_slide_title3":"15","slide_1_cap_3":"Hàng mới về","slide_2_cap_3":"Sản phẩm nổi bật","slide_3_cap_3":"Khuyến mãi tới 50%","slide_4_cap_3":"","color_title_1":"Xanh dương","color_1":"#3232d1","color_title_2":"Vàng","color_2":"#d9c211","color_title_3":"Đen","color_3":"#170606","color_title_4":"Nâu","color_4":"#424141","color_title_5":"Tím","color_5":"#810a87","color_title_6":"","color_6":"#ffffff","color_title_7":"","color_7":"#ffffff","color_title_8":"","color_8":"#ffffff","color_title_9":"","color_9":"#ffffff","color_title_10":"","color_10":"#ffffff","color_title_11":"","color_11":"#ffffff","color_title_12":"","color_12":"#ffffff","color_title_13":"","color_13":"#ffffff","color_title_14":"","color_14":"#ffffff","color_title_15":"","color_15":"#ffffff","color_title_16":"","color_16":"#ffffff","color_title_17":"","color_17":"#ffffff","color_title_18":"","color_18":"#ffffff","color_title_19":"","color_19":"#ffffff","color_title_20":"","color_20":"#ffffff","footer_time":"Thứ 2 đến Thứ 6 từ 8h đến 18h; Thứ 7 và Chủ nhật từ 8h00 đến 17h00 ","heading_featured":"GREY FASHION <br> Bộ sưu tập xuân hè mới nhất 2018","heading_featured_url":"/collections/all","block_home_category1_note":"Bộ sưu tập","block_home_category2_note":"Bộ sưu tập ","home_about_show":true,"home_about_title":"Về chúng tôi","home_about_button":"Xem ngay","home_about_link":"/pages/about-us","home_about_page":"about-us","social_icons_title":"Mạng xã hội","social_icons_note":"Vui lòng nhấp vào liên kết để theo dõi","footer_about_note":"Tổng đài hỗ trợ hoạt động từ T2 đến T6","show_vendor":true,"show_color":true,"show_size":false,"field_filter_size":"35, 36, 37, 38","share_prod_on_twitter":true,"share_prod_on_plusgoogle":true,"share_prod_on_pinterest":true,"productspg_related_title":"Sản phẩm liên quan","mainmenu_link":"main-menu","childrenmenu__link":"footer","footer_bg_email":"#141718","footer_bg_button":"#363d3e","pr_btn_sale":"#ededed","btn_bg_shop":"#65d1e6","slide_bkg_color":"#fbf3f5","slide_text_color":"#262627","slide_button_color":"#262627","footer_bg_copyright":"#141718","footer_text_copyright":"#ffffff","btn_addcarrt_mb":"#ff9e9e","shop_title_color":"#252a2b","show_block_home_category3":false,"block_home_category3_link":"collections/hot-products","block_home_category3_alt":"Khuyến mãi 3","use_collection_one_products":true,"heading_collection_one":"Sản phẩm mới","heading_collection_one_url":"/","collection_one":"hot-products","use_collection_two_products":true,"heading_collection_two":"Sản phẩm bán chạy","heading_collection_two_url":"/","collection_two":"hot-products","show_footer1":true,"footer1_title":"Giới thiệu","footer1_information":"Trang mua sắm trực tuyến của thương hiệu thời trang Lama, thời trang nam, nữ, phụ kiện, giúp bạn tiếp cận xu hướng thời trang mới nhất.","social_icon_show":"1","facebook_link":"/","instagram_link":"/","footer_link1_show":true,"footer_link1_title":"Liên kết","footer_link1_menu":"footer","show_footer2":true,"footer2_title":"Thông tin liên hệ","footer-address":"Tầng 4, tòa nhà Flemington, số 182, đường Lê Đại Hành, phường 15, quận 11, Tp. Hồ Chí Minh.","footer-tell":"1900.636.099","footer-fax":"1900.636.099","footer-email":"hi@haravan.com","show_footer3":true,"footer3_title":"Fanpage","footer_link2_show":"1","footer_link2_title":"Liên kết","footer_link2_menu":"main-menu","footer-address-title":"","footer-tell-title":"","footer-fax-title":"","footer-email-title":"","show_list_col":true,"link_list_col":"Danh mục sản phẩm","collection_sidebar":"","show_collection_filter":true,"filter_title":"Bộ lọc sản phẩm","use_vendor_filter":true,"vendor_title":"Thương hiệu","vendor_limit":"1","use_color_filter":true,"color_title":"Màu sắc","use_color_filter_1":"1","color_name_new_1":"Hồng","color_code_new_1":"#ef5777","use_color_filter_2":"1","color_name_new_2":"Vàng","color_code_new_2":"#ffd32a","use_color_filter_3":"1","color_name_new_3":"Xám","color_code_new_3":"#d2dae2","use_color_filter_4":"1","color_name_new_4":"Xanh","color_code_new_4":"#3c40c6","use_color_filter_5":"1","color_name_new_5":"Xanh lá","color_code_new_5":"#0be881","use_color_filter_6":"1","color_name_new_6":"Sen","color_code_new_6":"#f53b57","use_color_filter_7":"1","color_name_new_7":"Xanh biển","color_code_new_7":"#0fbcf9","use_color_filter_8":"1","color_name_new_8":"Đen","color_code_new_8":"#000000","use_color_filter_9":true,"color_name_new_9":"Trắng","color_code_new_9":"#ffffff","use_color_filter_10":true,"color_name_new_10":"Đỏ","color_code_new_10":"#ff3f34","use_color_filter_11":true,"color_name_new_11":"Tím","color_code_new_11":"#a55eea","use_color_filter_12":true,"color_name_new_12":"Pure Apple","color_code_new_12":"#6ab04c","use_color_filter_13":true,"color_name_new_13":"Blue","color_code_new_13":"#0c2461","use_color_filter_14":true,"color_name_new_14":"Cam","color_code_new_14":"#fa8231","use_color_filter_15":false,"color_name_new_15":"","color_code_new_15":"#ffffff","use_color_filter_16":false,"color_name_new_16":"","color_code_new_16":"#ffffff","use_color_filter_17":false,"color_name_new_17":"","color_code_new_17":"#ffffff","use_color_filter_18":false,"color_name_new_18":"","color_code_new_18":"#ffffff","use_color_filter_19":false,"color_name_new_19":"","color_code_new_19":"#ffffff","use_color_filter_20":false,"color_name_new_20":"","color_code_new_20":"#ffffff","use_color_filter_21":false,"color_name_new_21":"","color_code_new_21":"#ffffff","use_color_filter_22":false,"color_name_new_22":"","color_code_new_22":"#ffffff","use_color_filter_23":false,"color_name_new_23":"","color_code_new_23":"#ffffff","use_color_filter_24":false,"color_name_new_24":"","color_code_new_24":"#ffffff","use_color_filter_25":false,"color_name_new_25":"","color_code_new_25":"#ffffff","use_color_filter_26":false,"color_name_new_26":"","color_code_new_26":"#ffffff","use_color_filter_27":false,"color_name_new_27":"","color_code_new_27":"#ffffff","use_color_filter_28":false,"color_name_new_28":"","color_code_new_28":"#ffffff","use_color_filter_29":false,"color_name_new_29":"","color_code_new_29":"#ffffff","use_color_filter_30":false,"color_name_new_30":"","color_code_new_30":"#ffffff","use_tag_custom_2":true,"tag_title_custom_2":"Kích thước","enter_tag_2":"S,M,L,XL","use_price_filter":true,"title_tag_3":"Giá sản phẩm","price_filter_min":"0","price_filter_max":"1000000","price_filter_step":"50000","use_purpose_filter":"1","purpose_title":"","show_collection_image":false,"show_logo_bct":true,"1_price_to":"500000","2_price_from":"500000","2_price_to":"1000000","3_price_from":"1000000","3_price_to":"1500000","4_price_from":"2000000","4_price_to":"5000000","5_price_from":"5000000","use_info_header":true,"info_header":"Miễn phí vận chuyển với đơn hàng trên 300K","block_home_category1_subtitle":"Khuyến mãi tới 50%","block_home_category1_button":"Mua ngay","block_home_category2_subtitle":"Phong cách","block_home_category2_button":"Xem thêm","block_home_category3_subtitle":"Bộ sưu tập","block_home_category3_title":"Mùa hè rực rỡ","block_home_category3_button":"Xem thêm","display_category":true,"featured_collection1":"hot-products","featured_collection2":"thoi-trang-nu","featured_collection3":"hot-products","featured_collection4":"onsale","featured_collection5":"","phone_contact_show":true,"phone_contact_title":"Hỗ trợ / Mua hàng:","phone_contact_number":"1900 636 099","title_list_col":"Danh mục sản phẩm","show_blog_menu":true,"title_blog_menu":"Danh mục blog","blog_menu":"main-menu","show_page_menu":"1","title_page_menu":"Danh mục trang","page_menu":"footer","show_page_banner":"1","page_banner_link":"/","use_category":true,"shop_text_hover_color":"#65d1e6","show_block_home_category":true,"use_product_style":"style_01","show_logo_payment":false,"logo_payment_height":"45","logo":"https://file.hstatic.net/200000865177/file/mew_cosmetic__2__05056f43f8b545a289e5ebda9e3c071d.png","favicon":"https://file.hstatic.net/200000865177/file/favicon_f440e3bdba814cfa965706de2409feae.png","share_fb_home":"https://file.hstatic.net/1000300454/file/banner_slide01_caf98934f89c4c99bd41c61bdce83b9d.jpg","slideshow_1":"https://file.hstatic.net/1000300454/file/slid01_e89a0f8aa2874ef0849de530c10408e8.jpg","slideshow_2":"https://file.hstatic.net/1000300454/file/slide02_a9d973701a6e45b78c6def7874b6b65e.jpg","slideshow_3":"https://file.hstatic.net/1000300454/file/slide03_9d51a29f6cef438994406c1d0e12e25b.jpg","slideshow_4":"","block_home_category1":"https://file.hstatic.net/1000300454/file/banner_h01_7bb9fcf8287b472391fadb6bc1984012.jpg","block_home_category2":"https://file.hstatic.net/1000300454/file/banner-h04_a7d6ec5ff7324bbbb8cba3d1cdad99c2.jpg","block_home_category3":"https://file.hstatic.net/1000300454/file/banner-h03_0add8d9e594e4d37843c351f1e5f8bef.jpg","home_about_image":"https://file.hstatic.net/1000300454/file/banner-store02_732eb8ad4a7945ac90e62665f920a7b1.jpg","logo-bct":"https://file.hara.vn/1000113711/file/logo-bct_580132795da142c79ffb89b595168de6.png","collection_banner":"https://file.hstatic.net/1000300454/file/collection_banner-min_11f1e9d6efab4e4290dc47799f1fd7cf.jpg","page_banner":"https://file.hstatic.net/1000300454/file/page_banner_5a7d332ebb674b8eaefacf63a47e9a3e.jpg","slideshow_1.jpg":"https://file.hstatic.net/1000397797/file/slideshow_6-min_0fce35aa7c8b475b9d3c73ea17db504c.jpg","logo_bct":"https://file.hstatic.net/1000300454/file/logo_bct_019590229b4c4dfda690236b67f7aff4.png","use_chatbot":true,"code_messenger_mb":"108520260558644","addthis_iconList_show":false,"addthis_icon1_show":true,"addthis_icon1_color1":"#e8434c","addthis_icon1_color2":"#d61114","addthis_icon1_tootlip":"Gọi ngay cho chúng tôi","addthis_icon1_action":"1900636099","addthis_icon2_show":true,"addthis_icon2_color1":"#3985f7","addthis_icon2_color2":"#1272e8","addthis_icon2_tootlip":"Chat với chúng tôi qua Zalo","addthis_icon2_action":"//zalo.me/0901866099","addthis_icon3_show":true,"addthis_icon3_color1":"#70f3ff","addthis_icon3_color2":"#00dcf0","addthis_icon3_tootlip":"Đăng kí thông tin và để lại lời nhắn","addthis_icon3_title":"Để lại lời nhắn cho chúng tôi","addthis_icon3_title2":"Đăng kí thông tin thành công","addthis_icon3_content":"Cảm ơn bạn đã để lại thông tin <br> Chúng tôi sẽ liên hệ với bạn trong thời gian sớm nhất\t","addthis_icon4_show":true,"addthis_icon4_color1":"#f5ae16","addthis_icon4_color2":"#d99009","addthis_icon4_tootlip":"Xem địa chỉ doanh nghiệp","addthis_icon4_action":"/pages/lien-he","link_logo_bct":"/","promotion_hrvapp_use":false,"promotion_hrvapp":"appbuyxgety","appbuyxgety_icon":"https://file.hstatic.net/1000308580/file/icon-gifbox_21127e78739a40a28f058e5e123d41b1.png","popup_contact_show":true,"popup_contact_select":"popupForm","popup_contact_banner":"https://file.hstatic.net/1000300454/file/bannerpopup-3_72e7438abe1f4d95b6db4aac286527a2.jpg","popup_contact_alt":"Ưu đãi của chúng tôi","popup_contact_link":"/collections/all","popup_contact_bkg":"https://file.hstatic.net/1000300454/file/bannerpopup-bkg_15bc9d9a882d42139e18f88ccb427ca9.jpg","popup_contact_title":"Đăng kí nhân tin","popup_contact_content":"Chúng tôi sẽ cập nhật các chương trình khuyến mãi đến bạn.","popup_contact_description_1":"Giảm giá sản phẩm","popup_contact_description_2":"Sản phẩm mới","popup_contact_description_3":"Sản phẩm bán chạy","hottline_mb":"1900.636.099","email_mb":"hi@haravan.com","policy_cart_title":"Chính sách mua hàng","policy_cart_1":"Sản phẩm được đổi 1 lần duy nhất, không hỗ trợ trả.","policy_cart_2":"Sản phẩm còn đủ tem mác, chưa qua sử dụng.","policy_cart_3":"Sản phẩm nguyên giá được đổi trong 30 ngày trên toàn hệ thống","policy_cart_4":"Sản phẩm sale chỉ hỗ trợ đổi size (nếu cửa hàng còn) trong 7 ngày trên toàn hệ thống.","featured_collection1_banner":"https://file.hstatic.net/1000300454/file/banne_becdbfb37af140b78bea960cf23b8340.jpg","featured_collection2_banner":"","featured_collection3_banner":"","featured_collection4_banner":"","featured_collection5_banner":"","collection_one_limit":"6","collection_two_limit":"10","home_category_1_show":true,"home_category_1_banner":"https://file.hstatic.net/1000300454/file/banner04_3354e1e16cd14576a90ef1b647cad801.jpg","home_category_1_alt":"banner 1","home_category_1_link":"/collections/all","home_category_2_show":true,"home_category_2_banner":"https://file.hstatic.net/1000300454/file/banner02_6cb58ce57c5b4212a654695ac2457402.jpg","home_category_2_alt":"Thời trang xuống phố","home_category_2_link":"/collections/all","home_category_3_show":true,"home_category_3_banner":"https://file.hstatic.net/1000300454/file/banner07_ede68040562340f49ea9fb3c14213f5c.jpg","home_category_3_alt":"Banner 3","home_category_3_link":"/collections/all","home_category_4_show":true,"home_category_4_banner":"https://file.hstatic.net/1000300454/file/banner08_4f31b23dfe8e4b59ab4926c6e787a25c.jpg","home_category_4_alt":"Banner 4","home_category_4_link":"/collections/all","home_category_5_show":true,"home_category_5_banner":"https://file.hstatic.net/1000300454/file/banner05_1e0dd5d827b04713a9b5c9b360e7b41e.jpg","home_category_5_alt":"Banner 5","home_category_5_link":"/collections/all","header_home_selected":"header_style1","header_01_topbar_bkg":"#6cd9ee","header_01_topbar_text":"#ffffff","header_01_color_bkg":"#65d1e6","header_01_color_text":"#ffffff","header_02_topbar_bkg":"#65d1e6","header_02_topbar_text":"#ffffff","header_02_color_bkg":"#ffffff","header_02_color_text":"#252a2b","header_03_topbar_bkg":"#65d1e6","header_03_topbar_text":"#ffffff","header_03_color_bkg":"#ffffff","header_03_color_text":"#252a2b","header_03_color_hover":"#ffffff","header_01_color_light":"#3c64e8","header_02_color_hover":"#65d1e6","home_category_1_title":"Phong cách vintage","home_category_2_title":"Thời trang xuống phố","home_category_3_title":" Sản phẩm mới","home_category_4_title":"Bộ sưu tập tháng 9","home_category_5_title":"Phụ kiện thời trang","popup_contact_time":"5","banner_title_color":"#ffffff","banner_btn_color":"#ffffff","banner_btntext_color":"#252525","favicon.png":"https://file.hstatic.net/1000393087/file/favicon_d080b3df2c624593923fe768f1c92a80.png","line_tit_grid_pr":"2","tit_mail_bar":"Email","tit_zalo_bar":"Chat Zalo","tit_mess_bar":"Chat Mess","titel_box_support":"Hỗ trợ 24/7","txt_hotline":"Hoiline","top_phone_number":"1900.636.099","breadcrumb_home":"Trang chủ","breadcrumb_collection":"Danh mục","breadcrumb_blog":"Tin tức","breadcrumb_support":"Tư vấn","breadcrumb_cart":"Giỏ hàng","breadcrumb_fillter":"Lọc","breadcrumb_buy":"Chọn mua","breadcrumb_s_out":"Hết hàng","breadcrumb_call":"Gọi ngay","breadcrumb_all_products":"Tất cả sản phẩm","breadcrumb_search":"Kết quá tìm kiếm","breadcrumb_404":"404 Không tìm thấy","breadcrumb_contact":"Liên hệ","breadcrumb_blog_all":"Tất cả tin tức","breadcrumb_login":"Đăng nhập","breadcrumb_signup":"Đăng ký","breadcrumb_customer":"Tài khoản","breadcrumb_address_book":"Sổ địa chỉ","breadcrumb_orders":"Danh sách đơn hàng","breadcrumb_order_detail":"Chi tiết đơn hàng","breadcrumb_page":"Trang","cartStringsError":"Đã có lỗi xảy ra khi cập nhật số lượng. Vui lòng thử lại.","cartStringsTitle":"Giỏ hàng","cartStringsCheckout":"Thanh toán ngay","cartStringsTotal":"Tổng tiền","cartStringsDelete":"Xóa","cartStringsClear":"Xoá tất cả","cartStringsEmpty":"Không có sản phẩm nào. Quay lại <a href=\"/collections/all\" class=\"alert-link\">cửa hàng</a> để tiếp tục mua sắm.","addToCart":"Thêm vào giỏ","buyNow":"Mua ngay","sup_buyNow":"(Giao tận nơi hoặc lấy tại cửa hàng)","soldOut":"Đã cháy hàng","sup_soldOut":"(Vui lòng liên hệ trực tiếp)","detail":"Xem chi tiết","option":"Chọn sản phẩm","available":"Còn hàng ","unAvailable":"Không khả dụng","allowBuyWhenSoldOut":"Tạm hết hàng","noPrice":"Liên hệ","giftPrice":"Quà tặng","runningOut":"Sắp Cháy hàng","soldQuantity":"Đã bán","emptyCollection":"Danh mục sản phẩm trống","emptyBlog":"Danh mục tin tức trống","tit_close":"Đóng","append_tit":" bài viết","toastAddSuccessTitle":"Thành công","toastAddSuccessMessage":"Sản phẩm đã được thêm vào giỏ hàng","toastAddErrorTitle":"Thất bại","toastAddErrorMessage":"Không thể thêm sản phẩm vào giỏ hàng","toastInventoryExccedTitle":"Cảnh báo","toastInventoryExccedMessage":"Sản phẩm đã đạt giới hạn tồn kho","toastInventoryMaxMessage":"Số lượng vượt quá giới hạn tồn kho","toastInventoryUnavaiMessage":"Sản phẩm không khả dụng","toastInventoryMaxTitle":"Cảnh báo","toastInventoryUnavaiTitle":"Cảnh báo","toastValidatePhoneMessage":"Số điện thoại không định dạng","toastValidatePhoneTitle":"Lỗi","seemore_text":"Xem thêm","seeless_text":"Thu gọn","seemore_text_product":"Xem tất cả","seemore_text_blog":"Xem thêm bài viết","load_text_blog":"Đang tải thêm","view_table":"Xem chi tiết cấu hình","sortby_default":"Mặc định","sortby_price_asc":"Giá tăng dần","sortby_price_desc":"Giá giảm dần","sortby_create_asc":"Mới nhất","pagination_page":"Trang","pagination_prev":"Trang trước","pagination_next":"Trang sau","other_backtotop":"Lên đầu trang","filter_sku_title":"Mã SKU","other_status":"Tình trạng","other_updating":"Đang cập nhật","main_color":"#326e51","main_color_2":"#2e855c","bg_hover":"#fff8f4","menu_hover":"#ffab50","accent_2":"#fd8400","main_color_1":"#a92701","logo.png":"https://file.hstatic.net/1000393087/file/mewkidss_9d03f2ad8b8a444fbcb3bf1365f39b8a.png","logo_mobi.png":"https://file.hstatic.net/1000393087/file/favicon_d080b3df2c624593923fe768f1c92a80.png","logo_share.png":"https://file.hstatic.net/1000393087/file/lg-share_bcd9b950d9864528a0f0866cfb809f0d.jpg","vip_title":"Vip Member","blog_title":"Tin tức","logo_mobi":"https://file.hstatic.net/200000865177/file/logo_mobi_88737f385cfc45798f3b012a6d41f7fa.png","logo_share":"https://file.hstatic.net/200000865177/file/logoshare_56d67b00bd44440a8ef1047fcfb7b016.jpg","home_section_1":"m_slider","slide-img1":"https://file.hstatic.net/200000865177/file/slide2_01af15a43aa946beb009a32ade31afc9.jpg","display_slideshow_3":false,"display_slideshow_4":false,"display_slideshow_5":false,"slide-img2":"https://file.hstatic.net/200000865177/file/slide_56749911034a4ecb841b932a9f8c9f32.jpg","display_slideshow_1":true,"display_slideshow_2":true,"home_section_2":"m_poli","home_section_3":"m_product","home_section_4":"m_banner_1","home_section_5":"m_cate_1","home_section_6":"m_product_1","home_section_7":"m_banner_2","home_section_8":"m_product_2","home_section_9":"m_banner_3","home_section_10":"m_cate_2","blog_url":"news","menu_site_mb":"main-menu","menu_sup_mb":"main-menu","sup_text_main_menu":"Xem tất cả","footer_linklist_2":"footer","footer_linklist_1":"footer","col_foo_2":"Chính sách","col_foo_1":"Hỗ trợ","fs":"https://file.hstatic.net/200000785527/file/fs_f7dd57cd40b74d98b77b6f00213c1616.png","m_c_product_fl":"hot-products","m_product_fl":"Flash Sale","txtday":"Ngày","mtm_countdown":"05/24/2025 23:33","cl_tit_fl":"#ffffff","bg_fl_1":"#ff8e4d","bg_fl_2":"#ff5c00","menu_cate_1":"main-menu","m_t_link_main":"left","cl_tit_tab_1":"#097771","bg_tab_1":"#d7fff2","cl_tit_tab_2":"#ff379b","bg_tab_2":"#ffd7f9","menu_cate_2":"main-menu","menu_cate_tit_2":"Top Trending","bg_trending_1":"#ffecd1","bg_trending_2":"#ffb49c","home_blog":"news","home_blog_tit":"Tạp chí Mew Cosmetic","view_more_blog":"Xem thêm","home_blog_menu":"setup-decor","m_c_product_1":"left","m_all_tit_1":"Tất cả","ena_all_product_1":true,"m_all_product_1":"hot-products","enable_bn_pr_1":true,"m_product_1":"Trang điểm","m_c_product_2":"left","ena_all_product_2":true,"m_all_tit_2":"Tất cả","m_all_product_2":"hot-products","m_product_2":"Chăm sóc cá nhân","enable_bn_pr_2":true,"enable_buy_item":true,"main_color_4":"#ffffff","product_quantity":"Số lượng","product_swatch_enable":true,"product_hide_variant_unavaiable_enable":true,"product_content_title":"Thông tin chi tiết ","m_relate_title":"Sản phẩm cùng loại ","enable_gift_code_pr":true,"service_pr_ena":true,"pr_service_1":"Quà tặng ưu đãi <b>Khai Trương</b>","condition_des":"Xem chi tiết <b>Điều kiện</b> mã khuyến mãi!","g1_code_1_ena":true,"g1_code_1_sum":"Nhập mã Mew2023 để được giảm ngay 120k (áp dụng cho các đơn hàng trên 500k)","g1_code_1_cod":"Mew2023","g1_code_2_ena":true,"g1_code_3_sum":"Nhập mã FREESHIP để được miễn phí ship đơn hàng từ 200k","g1_code_2_sum":"Nhập mã MewQR để được giảm ngay 20% tổng giá trị đơn hàng. Số lượng có hạn","g1_code_2_cod":"MewQR","g1_code_3_ena":true,"g1_code_3_cod":"FREESHIP","g1_code_4_ena":false,"g1_code_4_sum":"Giảm 10k phí ship đơn từ 300k - Mã","g1_code_4_cod":"FREESHIP10","g1_code_6_ena":true,"g1_code_6_sum":"Lưu Mã và nhập ở trang <b>THANH TOÁN</b> bạn nhé!","blogs_all_menu":"menu-blog","enable_author_n_time":true,"enable_toc_art":true,"toc_art_heading":"Mục lục","blogs_sidebar_title":"Tin tức - Sự kiện","blog_author_text":"Tác giả","enable_relate_art":true,"nb_relate_art":"5","relate_title":"Bài viết liên quan","blog_comment":"Bình luận","blog_write_comment":"Viết bình luận","blog_comment_name":"Họ và tên","blog_comment_mail":"Địa chỉ email","blog_comment_content":"Nội dung","blog_comment_submit":"Gửi bình luận","tit_tags_art":"Tags","enable_tags_art":true,"tit_author_art":"Đăng bởi","blog_no_article":"Bài viết đang được cập nhật","blog_no_comment_noti":"Hiện tại bài viết này chưa có bình luận.","blog_comment_success_noti":"Bạn đã gửi bình luận thành công. Xin cảm ơn!","blog_moderated_noti":"Bình luận của bạn đã được gửi và chờ kiểm duyệt","blog_moderated":"Chúng tôi sẽ đăng bình luận của bạn sau khi kiểm duyệt.","blogs_all_title":"Chủ đề Hot","title_company":"Thông tin liên hệ","footer_address_2":"Lầu 6, 182 Lê Đại Hành, P.15, Quận 11, Tp.HCM","footer_phone_2":"1900.636.099","banner1_1.jpg":"https://file.hstatic.net/200000785527/file/banner1_1_235a8ec8cd394b619b93f45826ccd9f4.jpg","banner1_1_link":"/","banner1_1_alt":"Banner","banner1_2.jpg":"https://file.hstatic.net/200000785527/file/banner1_2_a4892e89516240ebbf5303a08001ab3d.jpg","banner1_2_link":"/","banner1_2_alt":"Banner","banner1_3.jpg":"https://file.hstatic.net/200000785527/file/banner1_3_0a9e38d84371404f89d4aa610cd30aa1.jpg","banner1_3_link":"/","banner1_3_alt":"Banner","banner1_4.jpg":"https://file.hstatic.net/200000785527/file/banner1_4_8980b9f43a924e2d9e5c74aa05d37714.jpg","banner1_4_link":"/","banner1_4_alt":"Banner","banner1_1":"https://file.hstatic.net/200000865177/file/banner_product_1_2_1e8d3f5ffa9c4d9ca039282798833db2.jpg","banner1_2":"https://file.hstatic.net/200000865177/file/banner_product_1_1_7c6e3429f65c4ba3be014ded4b6ecefc.jpg","banner1_3":"https://file.hstatic.net/200000865177/file/banner_product_1_3_a99a8f92ced04084abbada6fadd476a8.jpg","banner1_4":"","flash.gif":"https://file.hstatic.net/200000785527/file/fs_f7dd57cd40b74d98b77b6f00213c1616.png","icon_cate_1":"https://file.hstatic.net/200000865177/file/cate6_8fc2ca648d404f7e9692bf648ab4e438.jpg","icon_cate_2":"https://file.hstatic.net/200000865177/file/cate7_e8c564c4d3bd4d46a6b4daa1ef955263.jpg","icon_cate_3":"https://file.hstatic.net/200000865177/file/cate12_3f7d34f5780a4474a9290256096e9bf5.jpg","icon_cate_4":"https://file.hstatic.net/200000865177/file/cate10_fc55977d55d74232a540888176c714f0.jpg","icon_cate_5":"https://file.hstatic.net/200000865177/file/cate9_27c871c187d84c7abb67b6a91ad84e1c.jpg","icon_cate_6":"https://file.hstatic.net/200000865177/file/cate4_4af22bc5b5cd4a92ace9a1c934c6062b.jpg","icon_cate_7":"https://file.hstatic.net/200000865177/file/cate2_dc88cd3c72e94fcdb9b5c6cda3c26039.jpg","icon_cate_8":"https://file.hstatic.net/200000865177/file/cate5_e2cd95fd6c1049bd9cfb31d31fc7ac2b.jpg","icon_cate_9":"https://file.hstatic.net/200000865177/file/cate3_fe6c6bb9c0e64c89a90abf87ee831015.jpg","icon_cate_10":"https://file.hstatic.net/200000865177/file/cate11_b859f2cec9674869b80c5880d13b57b9.jpg","bg_item_cate_10":"#f3e5c0","bg_item_cate_9":"#cef8e9","bg_item_cate_8":"#f5cccd","bg_item_cate_7":"#d1e9cf","bg_item_cate_6":"#eee2f3","bg_item_cate_5":"#fceed8","bg_item_cate_4":"#d8e9f8","bg_item_cate_3":"#fadede","bg_item_cate_2":"#d6f6db","bg_item_cate_1":"#ffecc8","menu_cate_tit_1":"Danh mục nổi bật","flash":"https://file.hstatic.net/200000823693/file/flash_11b2c7ab01f347fdb5018fb85b0955e7.gif","tab_image_1":"https://file.hstatic.net/200000785527/file/tab_image_1_3391b3dba3bc4089b81e2641b89bdbc7.jpg","tab_image_2":"https://file.hstatic.net/200000785527/file/tab_image_2_85f6850c3aa3461d8f0ea203a71c4f7e.jpg","tab_image_3":"https://file.hstatic.net/200000785527/file/tab_image_3_06af0709cb3544328200537b48aa44ba.jpg","tab_image_4":"https://file.hstatic.net/200000785527/file/tab_image_4_5c2f8ce25740496ea1018bed9f508082.jpg","bg_tab_4":"#f5dfff","cl_tit_tab_4":"#8d57ff","bg_tab_3":"#fef0cb","cl_tit_tab_3":"#ff7000","poly_ser":true,"i_policy_1":"https://file.hstatic.net/200000804441/file/sofa_789e66d295534738a31e2c2789a68ebb.png","i_policy_2":"https://file.hstatic.net/200000804441/file/box_87e1b6308f2f4d6b968af7515c89e45f.png","i_policy_3":"https://file.hstatic.net/200000804441/file/repair-tools_d89a9511fbfe4079b00cba03d9422100.png","i_policy_4":"https://file.hstatic.net/200000804441/file/quality_2ba25a14859545a89fdb96a1fc5eea2c.png","m_policy_4_url":"/","m_policy_3_url":"/","m_policy_2_url":"/","i_policy_5":"https://file.hstatic.net/200000785527/file/i_policy_5_59fbec7b8a194661a8e10fd39d4c9d1c.png","m_policy_5_url":"/","m_policy_6_url":"/","i_policy_6":"https://file.hstatic.net/200000785527/file/i_policy_6_cef4f892de654f499194d7119d716226.png","m_policy_6_title":"Tư vấn<br>tận tình","m_policy_5_title":"Chất lượng<br>đảm bảo","m_policy_4_title":"Bản hành:","m_policy_3_title":"Lắp đặt:","m_policy_2_title":"Giao hàng:","m_policy_1_title":"Sản phẩm:","bg_poli":"#fffbf8","facebook":"https://file.hstatic.net/200000785527/file/facebook_ce742afdcdea4026a633915bdfdce6f5.png","twitter":"https://file.hstatic.net/200000785527/file/twitter_b15cb1006ec04c63855aef2dec8fac47.png","instagram":"https://file.hstatic.net/200000785527/file/instagram_45effdfd0d0e47d986a7c8b1a8e2ab01.png","youtube":"https://file.hstatic.net/200000785527/file/youtube_749d73527fb94f2c8d005d2ffdb1ca10.png","shopee":"https://file.hstatic.net/200000785527/file/shopee_efcb449798c24dd4a4a312f1ad9e3e8d.png","lazada":"https://file.hstatic.net/200000785527/file/lazada_0080ef48005044af8ba3f720097866f7.jpg","ena_banner1_1":true,"ena_banner1_2":true,"ena_banner1_3":true,"ena_banner1_4":false,"enable_prosl_1":true,"use_sapo_app":false,"slogan_top_ena":true,"ena_slo_item_1":true,"ena_slo_item_2":true,"url_slo_item_1":"/","url_slo_item_2":"/","des_slo_item_1":"Mua ngay nhận quà ưu đãi, đừng bỏ lỡ!","des_slo_item_2":"Miễn phí lắp đặt nội thành các đơn hàng","bg_line_2":"#c69a89","bg_line_1":"#795548","cl_cont":"#ffffff","account_address":"Quản lý địa chỉ ","account_change_pass":"Đổi mật khẩu ","account_logout":"Đăng xuất ","account_infor":"Thông tin cá nhân ","account_default":"Tài khoản ","account_order_history":"Lịch sử đơn hàng ","account_order_greeting":"Hi","account_personal_infor":"Thông tin cá nhân ","addresss_title":"Địa chỉ của bạn ","addresss_add":"Thêm địa chỉ ","addresss_edit":"Cập nhật địa chỉ ","addresss_cancel":"Huỷ ","addresss_delete":"Xoá ","account_infor_name":"Họ và tên","account_infor_mail":"Email","account_infor_dob":"Ngày sinh","account_infor_gender":"Giới tính","account_infor_male":"Nam","account_infor_female":"Nữ","account_infor_phone":"Số điện thoại","account_infor_company":"Công ty","account_infor_address":"Địa chỉ","account_infor_ward":"Phường xã","account_infor_district":"Quận huyện","account_infor_city":"Thành phố","account_infor_country":"Quốc gia","account_infor_zip":"Zip code","account_infor_is_default":"Đặt làm địa chỉ mặc định","account_infor_default":"Địa chỉ mặc định","account_changepass_title":"Đổi mật khẩu","account_changepass_content":"Để đảm bảo tính bảo mật vui lòng đặt mật khẩu với ít nhất 8 kí tự","account_changepass_oldpass":"Mật khẩu hiện tại","account_changepass_newpass":"Mật khẩu mới","account_changepass_confirm":"Nhập lại mật khẩu mới","account_changepass":"Đổi mật khẩu","account_changepass_success":"Thay đổi mật khẩu thành công!","order_title":"Danh sách đơn hàng","order_created_date":"Ngày","order_created_noorder":"Không có đơn hàng","order_detail_title":"Chi tiết đơn hàng ","order_detail_created_date":"Ngày tạo ","order_detail_cancel":"Đã huỷ ","order_detail_cancel_date":"Ngày huỷ ","order_detail_fulfilled":"Chuyển toàn bộ ","order_detail_partial":"Chuyển một phần ","order_detail_partially_refunded":"Hoàn trả 1 phần ","order_detail_refunded":"Đã hoàn ","order_detail_void":"Vô hiệu ","order_detail_not_ship":"Chưa giao hàng ","order_detail_delivery_title":"Thông tin giao hàng ","order_detail_delivery_name":"Tên người nhận ","order_detail_delivery_phone":"Số điện thoại ","order_detail_delivery_address":"Địa chỉ giao hàng ","order_detail_payment_title":"Thông tin thanh toán ","order_detail_payment_paid":"Đã thanh toán ","order_detail_payment_unpaid":"Chưa thanh toán ","order_detail_payment_partial":"Thanh toán 1 phần ","order_detail_payment_method":"Phương thức thanh toán ","gateway_manual":"Thủ công ","order_detail_payment_list":"Danh sách sản phẩm ","order_detail_list_sku":"Mã sản phẩm ","order_detail_list_discount":"Giảm giá ","order_detail_shipping_fee":"Phí vận chuyển ","order_detail_total":"Tổng tiền ","order_detail_note":"Ghi chú ","order_detail_nonote":"Không có ghi chú ","copyright_default":"Bản quyền thuộc về","sapo_post":"Phát triển bởi","quest_store_admin":"Truy cập hệ thống quản trị","quest_store":"Bạn có phải chủ cửa hàng?","btn_pass_store":"Nhập","input_pass_store":"Nhập mật khẩu để vào cửa hàng","web_update":"Website đang hoàn thiện...","404_back":"Quay lại trang chủ","404_content":"Không tìm thấy trang mà bạn yêu cầu!","404_title":"404 Không tìm thấy trang","forgot_pass_success_noti":"Vui lòng kiểm tra email để nhận đường dẫn thay đổi mật khẩu!","forgot_pass_cancel":"Hủy","forgot_pass_submit":"Gửi","forgot_pass_content":"Chúng tôi sẽ gửi cho bạn một email để kích hoạt việc đặt lại mật khẩu.","forgot_pass_title":"Đặt lại mật khẩu","login_social_text":"Hoặc đăng nhập qua","login_forgot_pass":"Quên mật khẩu","login_pass":"Mật khẩu","login_mail":"Mail","login_content":"Bạn đã có tài khoản, vui lòng ấn đăng nhập tại link bên dưới của chúng tôi. Hoặc các nút đăng nhập isocial","login_text":"Đăng nhập","register_pass":"Mật khẩu","register_mail":"E-mail","register_gender_other":"Khác","register_gender_female":"Nữ","register_gender_male":"Nam","register_gender":"Giới tính","register_birthday":"Ngày sinh","register_phone":"Số điện thoại ","register_firstname":"Tên","register_lastname":"Họ","register_back":"Quay về trang chủ","register_content":"Tạo tài khoản để quản lý đơn hàng, và các thông tin thanh toán, gửi hàng một cách đơn giản hơn.","register_create":"Tạo tài khoản","register_text":"Đăng ký","register_title":"Đăng ký tài khoản","search_result_noti":"Bạn cần nhập từ khóa trên thanh tìm kiếm.","search_result_count":"Có [count] kết quả tìm kiếm với từ khóa \"[keyword]\"","search_back_to_home":"Quay lại trang chủ trong","search_no_result":"Rất tiếc :(.<br>Không tìm thấy sản phẩm theo từ khóa của bạn.","search_placeholder":"Bạn tìm gì hôm nay?","search_cate_page":"Bài viết","search_cate_article":"Tin tức","search_cate_product":"Sản phẩm","search_result_per_page":"12","google_sheet":"https://docs.google.com/spreadsheets/d/e/2PACX-1vQ3LHAG9q8SXl1SWmpRxvgnQ_7oYJBDbUyzi7PtxdeqNLMhAk7VFLnhn3_zn5KV_TzZUVehY9KPPo87/pub?gid=0&single=true&output=csv","store_select_city":"Chọn tỉnh/ thành phố","store_loading":"Đang tải bản đồ","store_title_bold":"(45 chi nhánh)","store_title":"Hệ thống cửa hàng","use_store":true,"ena_bn_st_4":true,"ena_bn_st_3":true,"tit_bn_st_4":"Nhân sự","nbm_bn_st_4":"200+","tit_bn_st_3":"Đối tác","nbm_bn_st_3":"15+","ena_bn_st_2":true,"ena_bn_st_1":true,"tit_bn_st_2":"Tỉnh/Thành","nbm_bn_st_2":"2+","nbm_bn_st_1":"45","tit_bn_st_1":"Cửa hàng","form_contact_success_noti":"Cảm ơn bạn đã liên hệ với chúng tôi. Chúng tôi sẽ trả lời bạn sớm nhất có thể.","form_contact_mail":"Địa chỉ email","form_contact_name":"Tên","form_contact_content":"Nội dung","form_contact_require":"Thông tin bắt buộc","form_contact_submit":"Gửi","no_iframe_map":"Bản đồ chưa được cập nhật.","iframe_map":"<iframe src=\"https://www.google.com/maps/embed?pb=!1m14!1m8!1m3!1d3919.6178205115098!2d106.656302!3d10.763909!3m2!1i1024!2i768!4f13.1!3m3!1m2!1s0x31752eec7a06c0ad%3A0x5cb6cda1f5e5e5ef!2zMTgyIMSQLiBMw6ogxJDhuqFpIEjDoG5oLCBQaMaw4budbmcgMTUsIFF14bqtbiAxMSwgVGjDoG5oIHBo4buRIEjhu5MgQ2jDrSBNaW5oLCBWaeG7h3QgTmFt!5e0!3m2!1svi!2sus!4v1697686893100!5m2!1svi!2sus\" width=\"600\" height=\"450\" style=\"border:0;\" allowfullscreen=\"\" loading=\"lazy\" referrerpolicy=\"no-referrer-when-downgrade\"></iframe>","contact_phone_2":"Hotline:","contact_phone_1":"Hotline:","contact_mail":"E-mail: ","contact_add_2":"HCM:","contact_add_1":"Hà Nội:","edit_contact_page":"default_option","filter_type_title":"Loại","filter_type":true,"filter_vendor_title":"Thương hiệu","filter_vendor":true,"filter_price_type":"checkbox","filter_price_step":"200000","filter_price_node":"100.000đ;200.000đ;500.000đ;1.000.000đ;2.000.000đ","filter_price":true,"filter_price_title":"Lọc giá","filter_price_upper":"Trên","filter_price_under":"Dưới","aside_filter_clearall":"Xoá hết","aside_filter_apply":"Áp dụng","aside_filter_maxvalue":"Giá tối đa","aside_filter_minvalue":"Giá tối thiểu","aside_filter_by":"Lọc theo","aside_category_menu":"main-menu","aside_category_title":"Danh mục","ena_banner_collec_3":true,"banner_collec_2_link":"/","banner_collec_2_alt":"Banner","banner_collec_1_alt":"Banner","banner_collec_1_link":"/","ena_banner_collec_2":true,"ena_banner_collec_1":true,"enable_banner_collection":true,"collection_results_per_page":"12","use_quick_search_article":true,"use_quick_search":true,"quick_search_btn_text":"Xem tất cả kết quả","quick_search_heading":"Sản phẩm","quick_search_limit":"5","quick_search_article_limit":"4","quick_search_article_heading":"Tin tức","display_fillter":true,"color_file":"https://file.hstatic.net/200000785527/file/mau-270a9bbe-95be-465e-b31a-3adc5d4321b5_1__2c5da264dc5b4c669ee2864c3ef5296e.txt","display_top_phone_number":true,"zalo_phone_number":"+1 800 1231234","m_product_limit_fl":"11","ena_banner2_1":true,"ena_banner2_2":true,"ena_banner2_3":true,"banner2_1_link":"/","banner2_1_alt":"Banner","banner2_1":"https://file.hstatic.net/200000865177/file/banner_product_2_1_60736bc9f07845d886c35474a9edb4a0.jpg","banner2_2_link":"/","banner2_2_alt":"Banner","banner2_2":"https://file.hstatic.net/200000865177/file/banner_product_2_2_117680a93a654d539f0730d6a678ada2.jpg","banner2_3_alt":"Banner","banner2_3_link":"/","banner2_3":"https://file.hstatic.net/200000865177/file/banner_product_2_3_a39ef34021714d19ba49cf168cbe1a4d.jpg","home_blog_limit":"8","order_old_total":"Tổng chưa giảm","product_variant_images_enable":false,"enable_product_recents":true,"tit_recent":"Sản phẩm đã xem","store_url":"he-thong-chi-nhanh","gift_min_price":"6000","gift_text":"Mua tối thiểu [amount] để nhận [name] miễn phí","use_gift":true,"get_gift":"Nhận ngay","gift_product":"qua-tang","gift_text_unlock":"Đáp ứng giá trị điều kiện, lấy ngay [name]","toastOverAddTitle":"Cảnh báo","toastOverAddMessage":"Số lượng mua vượt quá tồn kho, chỉ có thể thêm tối đa [sl] sản phẩm","toastExactMatchTitle":"Cảnh báo","toastExactMatchMessage":"Số lượng sản phẩm trong giỏ bằng với giới hạn trong kho","breadcrumb_reset_password":"Thiết lập lại mật khẩu","hrvapp_use":true,"product_review":true,"product_review_title":"Đánh giá sản phẩm","coupon_saved":"Đã lưu","banner_collec_1":"https://file.hstatic.net/200000865177/file/cat-banner-3_87ed2a6ffe1e4c0cb53cce7c08126f99.jpg","banner_collec_2":"https://file.hstatic.net/200000865177/file/cat-banner-2_99f9097bdfa2470791783b19b432179a.jpg","detail_product":"Chi tiết sản phẩm","m_blog_rela_title":"Tin tức về sản phẩm","view_cate":"Xem sản phẩm","bn_pr_1":"https://file.hstatic.net/200000804441/file/bn_cate_046925eb32a8464c95e28d18444dd207.png","bn_pr_2":"https://file.hstatic.net/200000804441/file/bn_cate2_ec53705df3c9489aa711cd89b1b9b183.png","lookbook_title":"Hot combo","lookbook_summary":"- Mua ngay sản phẩm combo ưu đãi cực lớn.<br>\n- Tiết kiệm thêm khi mua trọn combo lên đến 15%","lookbook_img":"https://file.hstatic.net/200000804441/file/lookbook_de5f5e19767945e2a5828f198d087214.jpg","lookbook_menu":"setup-decor","m_product_3":"Dưỡng da","m_c_product_3":"left","ena_all_product_3":true,"m_all_tit_3":"Tất cả","m_all_product_3":"hot-products","enable_bn_pr_3":true,"bn_pr_3":"https://file.hstatic.net/200000823693/file/bn_pr_5_30eec04b445642a0867229d625448ede.png","view_more_project":"Xem thêm","project_video_handle":"news","project_video_title":"Mew Review","ykkh_1_des":"Mình rất ưng khi đến Mew Mobile. Ở đây có rất nhiều sản phẩm công nghệ phong phú, tha hồ lựa chọn. Nhân viên chuyên nghiệp, nhiệt tình. Chúc Mew Mobile ngày càng phát triển.","ykkh_2_des":"Mình rất ưng khi đến Mew Mobile. Ở đây có rất nhiều sản phẩm công nghệ phong phú, tha hồ lựa chọn. Nhân viên chuyên nghiệp, nhiệt tình. Chúc Mew Mobile ngày càng phát triển.","ykkh_3_des":"Mình rất ưng khi đến Mew Mobile. Ở đây có rất nhiều sản phẩm công nghệ phong phú, tha hồ lựa chọn. Nhân viên chuyên nghiệp, nhiệt tình. Chúc Mew Mobile ngày càng phát triển.","ykkh_1":"https://file.hstatic.net/200000804441/file/people_s_4_8ebea48f735c4976b76adfab9926db2f.jpg","ykkh_1_enable":true,"ykkh_1_arthor":"Trang Nguyễn","ykkh_2_enable":true,"ykkh_2":"https://file.hstatic.net/200000804441/file/people_s_3_8a08f48ad3494c0e94edd521231e7dcd.jpg","ykkh_2_arthor":"Hồng Nhung","ykkh_3_enable":true,"ykkh_3":"https://file.hstatic.net/200000804441/file/people_s_2_7419148d07394dd2b6938cb776259ac5.jpg","ykkh_3_arthor":"Linh Phạm","review_user_title":"Khách hàng đánh giá","people_img":"https://file.hstatic.net/200000804441/file/test_peo_17c32bdbfd4d4dc78e67372168cb2750.jpg","m_policy_1_desc":"Hàng mới 100%, được lấy trực tiếp từ Nhà máy, đóng thùng cẩn thận theo tiêu chuẩn, không phải hàng đã trưng bày tại Showroom.","m_policy_2_desc":"Sản phẩm được giao hàng vào hôm sau nếu bạn đặt hàng và thanh toán 100% trước 14h hôm nay.","m_policy_3_desc":"Sản phẩm được giao hàng và lắp đặt hoàn toàn miễn phí trong nội thành HCM với đơn hàng trên 10.000.000 VNĐ.","m_policy_4_desc":"Sản phẩm bảo hành 1 năm kể từ ngày giao hàng.","content_foo":"Chúng tôi hướng tới sự khác biệt trong từng chi tiết, tạo nên ngôn ngữ riêng cho bày trí nội thất, đem đến một không gian tinh tế, hoàn mĩ trong từng đường nét. Nhưng trên tất cả, sự tin tưởng của khách hàng là điều Mew Furniture đề cao nhất, và đây cũng là tôn chỉ hoạt động của công ty.","lookbook_more":"Mua Combo","lookbook_product":"https://mew-furniture.myharavan.com/products/combo-phong-khach-cao-cap-indi/","pr_service_2":"Miễn phí giao hàng toàn quốc","copy_text":"Lưu mã","support_call":"1900.636.099","support_tit":"Gọi tư vấn","support_sum":"(Chúng tôi luôn bên bạn 24/7)","ena_prblog_sb":false,"prblog_sb_title":"Gợi ý sản phẩm","prblog_sb_url":"hot-products","prblog_sb_limit":"3","display_megamenu":true,"megamenu_items":"sản phẩm,trang điểm","label_img_1":"https://file.hstatic.net/200000823693/file/label_img_1_54626605db9a4ba6af93986368675676.png","label_con_1":"Sale giữa tháng","label_img_2":"https://file.hstatic.net/200000804441/file/label_img_2_00a41731d09746958477d34fe931f708.png","label_con_2":"Giảm cực sốc","label_img_3":"https://file.hstatic.net/200000804441/file/label_img_3_18a36fff3715430e9ea503c14f7cbccd.png","label_con_3":"VNPAY giảm 500K","label_img_4":"https://file.hstatic.net/200000804441/file/label_img_4_46cd74a7de614da699271dd563ff4bcb.png","label_con_4":"Xả hàng khủng","label_img_5":"https://file.hstatic.net/200000804441/file/label_img_5_aaf6c25e29dd4e7cb572a6b849c87b3f.png","label_con_5":"Vocher 99k","use_quick_search_page":true,"quick_search_page_heading":"Bài viết","quick_search_page_limit":"3","aside_filter_title":"Bộ lọc","aside_filter_content":"Giúp bạn tìm kiếm sản phẩm nhanh hơn","waring_tab_module":"Vui lòng chọn thiết lập hiệu chỉnh menu chứa nhóm sản phẩm","waring_lookbook_module":"Vui lòng chọn thiết lập hiệu chỉnh menu liên kết sản phẩm theo hướng dẫn.","lookbook_collection":"hot-products","menu_site":"main-menu","enable_mn_blog_head":true,"blog_head":"footer","big_bn_slide":"https://file.hstatic.net/200000823693/file/big_bn_slide_8da64cdf00984930b0d15d2df8d28679.png","slide-img3":"","home_section_11":"m_product_3","home_section_12":"m_reviews","alt_poli_1":"Nhanh 2h","img_poli_1":"https://file.hstatic.net/200000865177/file/nowfree_513b2ec1e3024e059445b92324914bf2.png","ena_poli_1":true,"ena_poli_2":true,"img_poli_2":"https://file.hstatic.net/200000865177/file/sale_5eb6a0dd045e420e9daad3f353936fac.png","alt_poli_2":"Black friday","ena_poli_3":true,"img_poli_3":"https://file.hstatic.net/200000865177/file/clinic_2e51294864a347a78908df08db7bcc51.png","alt_poli_3":"Kiên thức làm đẹp","ena_poli_4":true,"img_poli_4":"https://file.hstatic.net/200000865177/file/qua_3f19e707c2bf45cca9f904d65ec4cb2b.png","alt_poli_4":"Quà tặng hấp dẫn","enable_text_fade":true,"ena_txf_1":true,"alt_txf_1":"Giảm ngay 120k (áp dụng cho các đơn hàng trên 500k)","url_txf_1":"/","ena_txf_2":true,"alt_txf_2":"Giảm ngay 20% tổng giá trị đơn hàng. Số lượng có hạn","url_txf_2":"/","bn_pr_1_1.png":"https://file.hstatic.net/200000823693/file/bn_pr_3_1_e16e71b2e08247f58b398dfa4ba1bc1f.png","m_banner_pu_1_1":"/","m_banner_pt_1_1":"Banner","bn_pr_1_2.png":"https://file.hstatic.net/200000823693/file/bn_pr_3_2_7fa1360eade54358b5114a7083516635.png","m_banner_pu_1_2":"/","m_banner_pt_1_2":"Banner","bn_pr_1_1":"https://file.hstatic.net/200000823693/file/bn_pr_3_1_e16e71b2e08247f58b398dfa4ba1bc1f.png","bn_pr_1_2":"https://file.hstatic.net/200000823693/file/bn_pr_3_2_7fa1360eade54358b5114a7083516635.png","bn_pr_2_1":"https://file.hstatic.net/200000823693/file/bn_pr_4_1_ea41fd38ed824c318734ce85065ad3ad.png","m_banner_pu_2_1":"/","m_banner_pt_2_1":"banner","bn_pr_2_2":"https://file.hstatic.net/200000823693/file/bn_pr_4_2_677108e34cf245aeb2a553d2c64296d8.png","m_banner_pt_2_2":"Banner","m_banner_pu_2_2":"/","m_banner_pu_3":"/","m_banner_pt_3":"Banner","ykkh_1_sup":"Đại sứ thương hiệu","ykkh_2_sup":"Best Saler","ykkh_3_sup":"Photographer","logo_foo":"https://file.hstatic.net/200000865177/file/mew_cosmetic__2__05056f43f8b545a289e5ebda9e3c071d.png","display_payment":true,"col_foo_1_2":"Phương thức thanh toán","display_payment_method_1":true,"display_payment_method_2":true,"display_payment_method_3":true,"display_payment_method_4":true,"payment4":"https://file.hstatic.net/200000823693/file/payment-4_f03f301a303c448db851de3e9e91ade2.png","payment3":"https://file.hstatic.net/200000823693/file/payment-3_3a8dba86bfd74a85be3db17837d4c9c6.png","payment2":"https://file.hstatic.net/200000823693/file/payment-2_bdbf0ab7d5d24e138faa24e497b38a9b.png","payment1":"https://file.hstatic.net/200000823693/file/payment-1_2c94a9495fa04f4ab8b11be786441266.png","icon_menu_1":"https://file.hstatic.net/200000865177/file/flash-sale_4044cd2cd4d94bfa8ae21f1f7011afec.png","icon_menu_2":"https://file.hstatic.net/200000865177/file/makeup_3d9cbc2014c84a5fadd1d84ed23123d0.png","icon_menu_3":"https://file.hstatic.net/200000865177/file/hand-mirror_f5dd52fde8cf4027bbda4903b1cbe857.png","icon_menu_4":"https://file.hstatic.net/200000865177/file/cosmetics_2c6aaba2133741afa4031920f76131fc.png","icon_menu_5":"https://file.hstatic.net/200000865177/file/magazine_ae549082d91c4cd697cd40c55009265b.png","icon_menu_6":"https://file.hstatic.net/200000865177/file/website_37cb5dc28d5347a6bc1d2db1a52012d3.png","icon_menu_7":"https://file.hstatic.net/200000865177/file/communicate_fc44de1f820a49629e36ef92b1f61a98.png","icon_menu_8":"","icon_menu_9":"","sortby_name":"Sắp xếp theo:","display_cate_collection":true,"blogs_collection_enable":true,"blogs_collection_title":"24h Công nghệ","blogs_collection_url":"news","coupon_title":"Code Ưu Đãi","view_more_coupon":"Xem thêm mã ưu đãi","view_less_coupon":"Thu gọn","enable_compare":false,"compare_share_text":"Chia sẻ kết quả so sánh này","compare_tit":"So sánh","compare_share_text_mb":"Chia sẻ","compare_keyword":"Thông số kỹ thuật","compare_sameType":false,"compare_searchPlaceholder":"Tìm kiếm sản phẩm","compare_searchNoResult":"Không có kết quả","compare_notifyAddTitle":"Thêm vào so sánh","compare_notifyAddContent":"Sản phẩm đã được thêm vào danh sách so sánh","compare_notifyRemoveTitle":"Loại bỏ","compare_notifyRemoveContent":"Đã xoá sản phẩm khỏi danh sách so sánh","compare_notifyMaxTitle":"Cảnh báo","compare_notifyMaxContent":"Chỉ có thể so sánh 02 sản phẩm 1 lúc","compare_notifyErrTitle":"Lỗi","compare_notifyErrContent":"Đã có lỗi xảy ra","compare_notifyCopyTitle":"Đã sao chép","compare_notifyCopyContent":"Liên kết đã được sao chép","compare_notifyCopyErrContent":"Bạn chưa so sánh sản phẩm nào","compare_notifyCopyErrTitle":"Lỗi","compare_notifyNotSameTypeContent":"Sản phẩm không cùng loại, vẫn thêm?","compare_notifyNotExistTitle":"Sản phẩm so sánh không tồn tại","compare_notifyNotExistContent":"Sản phẩm bị ẩn/ xoá hoặc không tồn tại","compare_price":"Giá","compare_vendor":"Hãng","compare_type":"Loại","compare_url":"so-sanh-san-pham","bg_gift":"#ffe6ba","view_more_blogpr":"Xem thêm","pr_blog":"news","pr_blog_tit":"Có thể bạn quan tâm","hot_ico":"https://file.hstatic.net/200000823693/file/hot_ico_64b0f111b2bf41a9a9e643f07c412260.png","ena_tag_label":true,"title_promo":"Khuyến mại","icon_cate_11":"https://file.hstatic.net/200000865177/file/cate8_5840e5c803b9455d879083e3e54103e6.jpg","icon_cate_12":"https://file.hstatic.net/200000865177/file/cate1_17d40e55941f44728f079f2fde6051d8.jpg","icon_cate_13":"","icon_cate_14":"","icon_cate_15":"","icon_cate_16":"","icon_cate_17":"","icon_cate_18":"","icon_cate_19":"","icon_cate_20":"","note_cart":"Ghi chú đơn hàng","active_account_title":"Kích hoạt tài khoản","active_account_sup":"Điền mật khẩu để kích hoạt tài khoản của bạn","active_account_pass":"Mật khẩu","active_account_confirmpass":"Xác nhận Mật khẩu","active_account_btn":"Kích hoạt","active_account_cancer":"Từ chối đăng ký","nav_color":"#e5fbf1","navtext_color":"#326e51","ena_poli_5":true,"img_poli_5":"https://file.hstatic.net/200000865177/file/tin-tuc_2a55449f9ff747f1a3800be59a85b205.png","alt_poli_5":"Cam kết chính hãng","ena_poli_6":true,"img_poli_6":"https://file.hstatic.net/200000865177/file/ban-chay_92db6d14baa449469aacf342bfa4b0d0.png","alt_poli_6":"Bán chạy","ena_poli_7":true,"img_poli_7":"https://file.hstatic.net/200000865177/file/cam-nang_7b1c2041fc624dbbb73509f39a24a55f.png","alt_poli_7":"Tạp chí Mew","ena_poli_8":true,"img_poli_8":"https://file.hstatic.net/200000865177/file/dat-hen_33a29749aebe4ceeb3e9ae872092b74c.png","alt_poli_8":"Sự kiện","bg_item_cate_11":"#bbd0e9","bg_item_cate_12":"#ecd3f3","bg_item_cate_13":"#deecce","bg_item_cate_14":"#f5e7d1","bg_item_cate_16":"#e3facc","bg_item_cate_17":"#facce6","bg_item_cate_18":"#f0c1c7","bg_item_cate_19":"#e4dee9","bg_item_cate_20":"#d4f0e3","bottomtitle":"https://file.hstatic.net/200000865177/file/bottom-title_a9e686bc5b5148afb74887df31d21552.png","home_section_15":"m_tab_main","home_section_14":"m_blog","home_section_13":"m_video","ena_banner3_1":true,"banner3_1":"https://file.hstatic.net/200000865177/file/banner_product_3_1_b36bad7d319e43c1889f6cfd50648a43.jpg","banner3_1_link":"/","banner3_1_alt":"Banner","ena_banner3_2":true,"banner3_2":"https://file.hstatic.net/200000865177/file/banner_product_3_2_ecc6311f864642938c496eca8c7dd820.jpg","banner3_2_link":"/","banner3_2_alt":"Banner","ena_banner3_3":true,"banner3_3_link":"/","banner3_3_alt":"Banner","banner3_3":"https://file.hstatic.net/200000865177/file/banner_product_3_3_9c3a76150c4446678e7718056d3fb1eb.jpg","module_type_1":"tab","module_type_2":"tab","bgpeople":"https://file.hstatic.net/200000865177/file/product-list-bg_0fbb189b64314dea88757e5ff7d50685.png","bgpeoplecolor":"#f3fff9","video_sup_title":"#mew_cosmetics","bgvideo":"https://file.hstatic.net/200000865177/file/title_670d39ee94c844f7a6c48c2f44a9a1a7.jpg","bgvideocolor":"#05bd77","bgvideocolors":"#f5cb23","container_slide":"container-fluid","ena_bannerslide_right":true,"bright_alt_1":"Banner","bright_url_1":"/","bright_ena_1":true,"bright_img_1":"https://file.hstatic.net/200000865177/file/banner1_5e1fa75baefe4e6c9edddf74b295bbc1.jpg","bright_ena_2":true,"bright_img_2":"https://file.hstatic.net/200000865177/file/banner2_01842c737462439f9eb31b8921c2ddd1.jpg","bright_url_2":"/","bright_alt_2":"Banner","banner_collec_3":"https://file.hstatic.net/200000865177/file/cat-banner-1_bcdf7671155945cabb5525491c0ef8e8.jpg","banner_collec_3_link":"/","banner_collec_3_alt":"Banner","url_poli_1":"/","url_poli_2":"/","url_poli_3":"/","url_poli_4":"/","url_poli_5":"/","url_poli_6":"/","url_poli_7":"/","url_poli_8":"/","overlayimg":"https://file.hstatic.net/200000865177/file/cursor-close_4c96d09c091a4f26b8256b20cf2f6c0b.png","blogs_all_module":"2d6937db-9333-469a-9ed0-6ed8c0d3ac1b","bg_module":"#f3faf7","bogs_aside_event_2_title":"Tin khuyến mãi","bogs_aside_event_2_url":"news","bg_sale":"#fff7f4","product_blog_sidebar":"hot-products","product_blogtitle_sidebar":"Có thể bạn quan tâm","product_bloglimit_sidebar":"4","bogs_aside_event_limit":"4","use_wishlist":true,"wisthlist_small_title":"Sản phẩm","wisthlist_bold_title":"Yêu thích","wishlist_page":"danh-sach-yeu-thich","wishlist_small_title":"Sản phẩm","wishlist_bold_title":"Yêu thích","wishlist_btn_title":"Thêm vào yêu thích","wishlist_action_add":"Đã thêm","wishlist_action_add_content":"[sp] vào danh sách yêu thích","wishlist_action_remove":"Đã xóa","wishlist_action_remove_content":"[sp] khỏi danh sách yêu thích","wishlist_action_error":"Lỗi","wishlist_action_error_content":"Đã có lỗi xảy ra, vui lòng liên hệ kỹ thuật để kiểm tra","wishlist_list_empty":"Danh sách yêu thích trống! Bạn chưa yêu thích sản phẩm nào.","muti_breadcrumb":true,"menu_breadcrumb":"main-menu","col_foo_3":"Top tìm kiếm","col_foo_1_1":"Kết nối mạng xã hội","footer_linklist_3":"main-menu","enable_col_foo_3":true,"footer_text_hv":"#ffab4e","bg_cd_item":"#ff5c00","cl_cd_page":"#ffffff","bg_cd_page":"#ff8e4d","mtm_countdown_page":"05/24/2025 23:33","txtpage_day":"Ngày","txtpage_h":"Giờ","txtpage_m":"Phút","txtpage_s":"Giây","txtpage_title":"Kết thúc sau:","ena_md_1":true,"url_md_1":"hot-products","ena_md_2":true,"url_md_2":"hot-products","ena_md_3":true,"url_md_3":"hot-products","ena_md_4":true,"url_md_4":"hot-products","ena_md_5":true,"url_md_5":"hot-products","alt_md_1":"Banner","lim_md_1":"8","alt_md_2":"Banner","lim_md_2":"8","alt_md_3":"Banner","lim_md_3":"8","alt_md_4":"Banner","lim_md_4":"8","alt_md_5":"Banner","lim_md_5":"8","bn_flash_page":"https://file.hstatic.net/200000865177/file/bigbanner_15b22afc6a21414e8a390092ffb58392.jpg","img_md_5":"https://file.hstatic.net/200000865177/file/5_fd348b2a3f184f37a1315aacf3c38072.jpg","img_md_4":"https://file.hstatic.net/200000865177/file/4_517de4cbaaf1405e842f05fcbb15b48b.jpg","img_md_3":"https://file.hstatic.net/200000865177/file/3_a5b9051f10a145d183500b3e9464c9fa.jpg","img_md_2":"https://file.hstatic.net/200000865177/file/2_a446920ee3c7488fbf89a8f089a5d8d3.jpg","img_md_1":"https://file.hstatic.net/200000865177/file/1_4c1c7b9eee3446aeab45843b204c3d05.jpg","free_shipping_enable":true,"free_shipping_price":"500000","free_shipping_text_1":"Đơn hàng của quý khách đã được miễn phí vận chuyển.","free_shipping_text_2":"Quý khách có thể mua thêm [ship] để được <b>miễn phí vận chuyển</b> ","pdes":"Vừa được mua cách đây","pmin":"phút","pdelay":"8","ptime":"4","use_popsale":true,"popsale_cate":"hot-products","ptit":"Sản phẩm","discount_txt":"Giảm","discounts_txt":"Tiết kiệm","ena_follow_check":true,"shopee_title":"MewCosmetic Official Store","shopee_online":"Người Theo Dõi: 10,3k","shopee_buy2_text":"Xem shop","shopee_buy1_text":"Sản phẩm trên Shopee","logo_shopee":"https://file.hstatic.net/200000865177/file/mew_cosmetic_c14b648b418a45c988db26ff52e92a29.png","shopee_buy2":"https://shopee.vn/","gift_menu":"qua-nhieu-moc","gift_title":"Quà tặng","gift_note":"Quà tặng có giới hạn quý khách nhanh tay đặt hàng nhận ưu đãi.","gift_unlock":"Mua thêm [amount] để mở khóa phần quà tiếp theo","gift_full_unlock":"Chúc mừng bạn đã mở khóa toàn bộ","gift_cta":"Nhận quà ngay","title_popup_gift":"Chọn 1 trong các phần quà bên dưới","gift_buy_more":"Mua thêm sản phẩm?","enable_fl_frame":true,"product_image_overlay_fl":"https://file.hstatic.net/200000865177/file/fresh_meat_af50968460124816b48d30d1fc87c6a6.png","m_link_product_fl":"https://mew-cosmetics.myharavan.com/pages/flash-sale","menu_long_scroll":true,"quick_search_all":"Xem tất cả","gt_3_title":"Về chúng tôi ","gt3_ena_1":true,"gt_3_img_1":"https://file.hstatic.net/200000865177/file/26_99ed9fd30d6c4dee9da8506ed726e10c.png","gt_3_1_title":"Tiêu đề 1","gt_3_1_ur":"/","gt3_ena_2":true,"gt_3_img_2":"https://file.hstatic.net/200000865177/file/25_3489cea708804c69b46a0ce385a7acca.png","gt_3_2_title":"Tiêu đề 2","gt_3_2_ur":"/","gt3_ena_3":true,"gt_3_img_3":"https://file.hstatic.net/200000865177/file/27_10985b08e096477b9f6e50131c8508d4.png","gt_3_3_title":"Tiêu đề 3","gt_3_3_ur":"/","gt_3_3_des":"Lorem ipsum dolor sit amet, consectetur adipiscing elit, sed do eiusmod tempor incididunt ut labore et dolore magna aliqua. Ut enim ad minim veniam, consectetur adipiscing elit consectetur adipiscing elit, sed do eiusmod tempor ","gt_3_2_des":"Lorem ipsum dolor sit amet, consectetur adipiscing elit, sed do eiusmod tempor incididunt ut labore et dolore magna aliqua. Ut enim ad minim veniam, consectetur adipiscing elit consectetur adipiscing elit, sed do eiusmod tempor ","gt_3_1_des":"Lorem ipsum dolor sit amet, consectetur adipiscing elit, sed do eiusmod tempor incididunt ut labore et dolore magna aliqua. Ut enim ad minim veniam, consectetur adipiscing elit consectetur adipiscing elit, sed do eiusmod tempor ","ena_spch_1":true,"tit_spch_1":"Tiêu chí 1","ena_spch_2":true,"tit_spch_2":"Tiêu chí 2","ena_spch_3":true,"tit_spch_3":"Tiêu chí 3","ena_spch_4":true,"tit_spch_4":"Tiêu chí 4","sum_spch_4":"Lorem ipsum dolor sit amet, consectetur adipiscing elit, sed do eiusmod tempor incididunt ut labore et dolore magna aliqua. Ut enim ad minim veniam, consectetur adipiscing elit consectetur adipiscing elit, sed do eiusmod tempor ","sum_spch_3":"Lorem ipsum dolor sit amet, consectetur adipiscing elit, sed do eiusmod tempor incididunt ut labore et dolore magna aliqua. Ut enim ad minim veniam, consectetur adipiscing elit consectetur adipiscing elit, sed do eiusmod tempor ","sum_spch_2":"Lorem ipsum dolor sit amet, consectetur adipiscing elit, sed do eiusmod tempor incididunt ut labore et dolore magna aliqua. Ut enim ad minim veniam, consectetur adipiscing elit consectetur adipiscing elit, sed do eiusmod tempor ","sum_spch_1":"Lorem ipsum dolor sit amet, consectetur adipiscing elit, sed do eiusmod tempor incididunt ut labore et dolore magna aliqua. Ut enim ad minim veniam, consectetur adipiscing elit consectetur adipiscing elit, sed do eiusmod tempor ","sumary_2":"Lorem ipsum dolor sit amet, consectetur adipiscing elit, sed do eiusmod tempor incididunt ut labore et dolore magna aliqua. Ut enim ad minim veniam, consectetur adipiscing elit consectetur adipiscing elit, sed do eiusmod tempor ","title_sum_2":"Về sản phẩm","gt_1_img":"https://file.hstatic.net/200000865177/file/28_70a497f1783140159b02aadec454a412.png","gt_1_alt":"Banner","gt_1_link":"/","gt_1_title":"Về công ty","gt_1_des":"Lorem ipsum dolor sit amet, consectetur adipiscing elit, sed do eiusmod tempor incididunt ut labore et dolore magna aliqua. Ut enim ad minim veniam, consectetur adipiscing elit consectetur adipiscing elit, sed do eiusmod tempor Lorem ipsum dolor sit amet, consectetur adipiscing elit, sed do eiusmod tempor incididunt ut labore et dolore magna aliqua. Ut enim ad minim veniam, consectetur adipiscing elit consectetur adipiscing elit, sed do eiusmod tempor Lorem ipsum dolor sit amet, consectetur adipiscing elit, sed do eiusmod tempor incididunt ut labore et dolore magna aliqua. Ut enim ad minim veniam, consectetur adipiscing elit consectetur adipiscing elit, sed do eiusmod tempor ","gt_2_img":"https://file.hstatic.net/200000865177/file/29_ca0e5534424c455c96b96d58cafc607b.png","gt_2_alt":"Banner","gt_2_link":"/","gt_2_des":"Lorem ipsum dolor sit amet, consectetur adipiscing elit, sed do eiusmod tempor incididunt ut labore et dolore magna aliqua. Ut enim ad minim veniam, consectetur adipiscing elit consectetur adipiscing elit, sed do eiusmod tempor Lorem ipsum dolor sit amet, consectetur adipiscing elit, sed do eiusmod tempor incididunt ut labore et dolore magna aliqua. Ut enim ad minim veniam, consectetur adipiscing elit consectetur adipiscing elit, sed do eiusmod tempor Lorem ipsum dolor sit amet, consectetur adipiscing elit, sed do eiusmod tempor incididunt ut labore et dolore magna aliqua. Ut enim ad minim veniam, consectetur adipiscing elit consectetur adipiscing elit, sed do eiusmod tempor ","gt_2_title":"Về con người","contact_url":"lien-he"},"presets":{}}